,strategy,benchmark
total_return,0.05698556137125932,0.11305689108118044
annual_return,0.003904394719237203,0.007559615658567331
annual_volatility,0.14942324519230538,0.2203265578433596
sharpe_ratio,0.026129767923406485,0.034310959752486186
max_drawdown,-0.4269797588251659,-0.4669613883798479
calmar_ratio,0.009144215009114574,0.01618895233457288
trade_count,74.0,
holding_ratio,0.490234375,1.0
excess_total_return,-0.056071329709921125,
